Linking page,Last crawled
https://www.zivefirmy.cz/agentury-reklamni_t398?loc=10000027&order=abc_desc,2026-09-23
https://lukas-kukla.cz/oblasti,2026-09-21
https://lukas-kukla.cz/realitni-makler-dolni-brezany,2026-09-21
https://lukas-kukla.cz/realitni-makler-hradistko,2026-09-21
https://lukas-kukla.cz/realitni-makler-jesenice,2026-09-21
https://lukas-kukla.cz/realitni-makler-kamenice,2026-09-21
https://lukas-kukla.cz/realitni-makler-psary,2026-09-21
https://lukas-kukla.cz/realitni-makler-stechovice,2026-09-21
https://stavdam.cz/sluzby/obklady-dlazby,2026-09-19
https://zubni-kamenice.cz/uzitecne,2026-09-15
https://stavdam.cz/sluzby/vyklizeni-odvoz-odpadu,2026-09-14
https://www.zivefirmy.cz/?loc=60713856&order=default&pobocky=1284062,2026-09-14
https://www.zivefirmy.cz/reklama-informace_t1182?loc=10000027&order=abc_desc,2026-09-14
https://www.zivefirmy.cz/?loc=60713856&order=pozice&pobocky=1284062,2026-09-13
https://www.zivefirmy.cz/reklama-informace_t1182?loc=30539333&order=abc,2026-09-13
https://ziveobce.cz/borek_l50060071/reklama_t53,2026-09-13
https://ziveobce.cz/jilove-u-prahy_l30539333/agentury-reklamni_t398,2026-09-11
https://www.zivefirmy.cz/?cz=398&loc=30539333,2026-09-10
https://www.zivefirmy.cz/webdesign-a-tvorba-webovych-stranek_o809?loc=20003210,2026-09-10
https://www.zivefirmy.cz/?loc=60713856&order=abc_desc,2026-09-08
https://zubni-kamenice.cz/kontakt,2026-09-07
https://www.zivefirmy.cz/?loc=30539333&order=abc_desc&pobocky=1081704,2026-09-06
https://www.zivefirmy.cz/?loc=50060071&order=abc&pobocky=1326274,2026-09-06
https://www.zivefirmy.cz/?loc=50060071&order=abc_desc&pobocky=1326274,2026-09-06
https://www.zivefirmy.cz/?loc=60713856&order=abc_desc&pobocky=1284062,2026-09-06
https://www.zivefirmy.cz/?loc=60713856&order=default&pobocky=1081704,2026-09-06
https://www.zivefirmy.cz/?loc=50060071&order=pozice&pobocky=1666499,2026-09-05
https://cz.linkedin.com/in/marek-patras-798a831b3,2026-09-04
https://www.zivefirmy.cz/agentury-reklamni_t398?loc=10000027&order=pozice,2026-09-04
https://www.zivefirmy.cz/vypocetni-technika-internet_t904/borek_l50060071?order=default,2026-09-04
https://www.zivefirmy.cz/vypocetni-technika-internet_t904/borek_l50060071?order=pozice,2026-09-04
https://www.zivefirmy.cz/?loc=30539333&order=abc_desc&pobocky=1775035,2026-08-31
https://www.zivefirmy.cz/?loc=60713856&order=abc&pobocky=1167824,2026-08-30
https://www.zivefirmy.cz/?loc=30539333&order=abc_desc&pobocky=1406601,2026-08-29
https://www.zivefirmy.cz/?loc=50060071&order=default&pobocky=1775418,2026-08-29
https://cz.linkedin.com/in/ondramandik,2026-08-27
https://www.firmy.cz/?q=mapy google maps,2026-08-26
https://www.zivefirmy.cz/?loc=30539333&order=abc_desc&pobocky=395406,2026-08-26
https://zubni-kamenice.cz/ceny,2026-08-26
https://en.firmy.cz/company/13953360-matej-boska-webove-stranky-a-seo-jilove-u-prahy.html,2026-08-25
https://www.zivefirmy.cz/?loc=30539333&order=abc_desc&pobocky=1326274,2026-08-25
https://www.zivefirmy.cz/?loc=60713856&pobocky=1551248,2026-08-25
https://www.zivefirmy.cz/weby-matej-boska_f1925005?loc=30539333&order=abc_desc,2026-08-25
https://www.zivefirmy.cz/?loc=30539333&order=abc_desc&pobocky=1850324,2026-08-24
https://search.seznam.cz/?sourceid=szn-HP&thru&q=web page,2026-08-23
https://www.zivefirmy.cz/?loc=30539333&order=abc_desc&pobocky=1035360,2026-08-23
https://www.zivefirmy.cz/vypocetni-technika-internet_t904/?loc=50060071&order=abc_desc,2026-08-21
https://www.zivefirmy.cz/vypocetni-technika-internet_t904?loc=50060071&order=abc_desc,2026-08-21
https://www.zivefirmy.cz/?cz=84&loc=10000027&order=abc_desc,2026-08-20
https://www.zivefirmy.cz/?loc=50060071&order=default,2026-08-20
https://www.zivefirmy.cz/?loc=50060071&order=pozice,2026-08-20
https://www.firmy.cz/?q=google mapy cz,2026-08-19
https://lukas-kukla.cz/clanky/hypoteka-na-dum-praha-zapad,2026-08-15
https://www.firmy.cz/detail/13953360-matej-boska-webove-stranky-a-seo-jilove-u-prahy.html,2026-08-14
https://veteranskoda.cz/veteran/skoda-favorit-136ls,2026-08-13
https://www.simon-syrucek.cz/,2026-08-13
https://www.simon-syrucek.cz/blog/bydleni-v-uvalech-pruvodce,2026-08-13
https://www.simon-syrucek.cz/blog/ceny-nemovitosti-uvaly-2026,2026-08-13
https://www.simon-syrucek.cz/blog/jak-prodat-nemovitost-v-uvalech,2026-08-13
https://www.simon-syrucek.cz/odhad-ceny-nemovitosti-uvaly-praha,2026-08-13
https://www.simon-syrucek.cz/prodej-nemovitosti-uvaly-praha,2026-08-13
https://www.simon-syrucek.cz/pronajmy-nemovitosti-uvaly-praha,2026-08-13
https://www.simon-syrucek.cz/vyhledani-nemovitosti-uvaly-praha,2026-08-13
https://stavdam.cz/blog/bazen-na-klic-cena-2026,2026-08-12
https://stavdam.cz/blog/bazen-zastavena-plocha-dan,2026-08-12
https://stavdam.cz/blog/betonovy-bazen-svepomoci-cena,2026-08-12
https://www.garaz415.cz/detailing/cisteni-interieru,2026-08-09
https://radek-vetrovsky.cz/sluzby/koupe-nemovitosti-pribram,2026-08-07
https://radek-vetrovsky.cz/sluzby/pronajem-nemovitosti-pribram,2026-08-07
https://webtrh.cz/awards/projekty/,2026-08-05
https://ziveobce.cz/borecka_l60713856/webdesign-a-tvorba-webovych-stranek_t809,2026-08-05
https://www.zivefirmy.cz/reklama-informace_t1182/borek_l50060071,2026-08-04
https://ziveobce.cz/jilove-u-prahy_l30539333/webdesign-a-tvorba-webovych-stranek_t809,2026-08-04
https://www.garaz415.cz/detailing/modre-celni-sklo,2026-08-03
https://www.garaz415.cz/detailing/keramicka-ochrana-laku,2026-08-02
https://www.garaz415.cz/detailing/renovace-a-lesteni,2026-08-02
https://www.garaz415.cz/detailing/renovace-a-uprava-svetlometu,2026-08-02
https://www.garaz415.cz/detailing/zmena-barvy-wrapping,2026-08-02
https://www.garaz415.cz/pneuservis,2026-08-02
https://www.garaz415.cz/usa-vozy-nase-vozy,2026-08-02
https://www.garaz415.cz/detailing/reklamni-polepy,2026-08-01
https://www.garaz415.cz/obchodni-podminky,2026-08-01
https://www.garaz415.cz/ochrana-osobnich-udaju,2026-08-01
https://www.garaz415.cz/zpracovani-souboru-cookies,2026-08-01
https://www.zivefirmy.cz/?cz=398&loc=20003210&order=abc_desc,2026-07-30
https://piskovanivysocina.cz/sluzby/kabinove-piskovani/,2026-07-29
https://ziveobce.cz/borek_l50060071/internetove-sluzby_t84,2026-07-26
https://piskovanivysocina.cz/sluzby/dodavky-abraziva/,2026-07-21
https://piskovanivysocina.cz/sluzby/poradenstvi/,2026-07-21
https://piskovanivysocina.cz/sluzby/pujcovna/,2026-07-21
https://piskovanivysocina.cz/sluzby/servisni-sluzby/,2026-07-21
https://piskovanivysocina.cz/sluzby/vyroba-pruzoru/,2026-07-21
https://stavdam.cz/blog,2026-07-14
https://www.zivefirmy.cz/agentury-reklamni_o398?loc=20003210,2026-07-10
https://www.zivefirmy.cz/reklama_t53/jilove-u-prahy_l30539333,2026-07-05
https://stavdam.cz/blog/cena-betonoveho-bazenu,2026-07-01
https://stavdam.cz/blog/povoleni-stavby-bazenu-2026,2026-07-01
https://stavdam.cz/blog/vykop-bazenu-cena,2026-07-01
https://lukas-kukla.cz/clanky/dan-z-prodeje-nemovitosti-2026,2026-06-26
https://zubni-kamenice.cz/kudy-k-nam,2026-06-26
https://www.zivefirmy.cz/internetove-sluzby_t84?loc=10000027&order=abc_desc,2026-06-25
https://cz.linkedin.com/in/jonáš-světlík-6b141b386,2026-06-20
https://stavdam.cz/blog/ceny-rekonstrukci-2026,2026-06-03
https://stavdam.cz/blog/stavebni-povoleni-ohlaseni,2026-06-03
https://www.zivefirmy.cz/?cz=84&loc=10000027&cf=1490565&order=abc_desc,2026-06-02
https://www.zivefirmy.cz/borecka_l60713856?order=abc,2026-05-30
https://www.zivefirmy.cz/borecka_l60713856?order=pozice,2026-05-30
https://www.zivefirmy.cz/reklama-informace_t1182/borecka_l60713856,2026-05-30
https://www.zivefirmy.cz/reklama-informace_t1182?loc=10000027&cf=1073176&order=abc_desc,2026-05-30
https://www.zivefirmy.cz/vypocetni-technika-internet_t904/borecka_l60713856,2026-05-30
https://stavdam.cz/kontakt,2026-05-27
https://cz.linkedin.com/in/maksym-kintor,2026-05-26
https://stavdam.cz/blog/rekonstrukce-za-m2,2026-05-25
https://www.veteranskoda.cz/akce-a-jizdy,2026-05-18
https://stavdam.cz/blog/rekonstrukce-bytu-postup,2026-05-16
https://stavdam.cz/blog/rekonstrukce-kuchyne-cena,2026-05-16
https://www.zivefirmy.cz/borek_l50060071,2026-05-11
https://stavdam.cz/blog/rekonstrukce-koupelny-cena,2026-05-09
https://stavdam.cz/blog/stavba-bazenu-zahrada,2026-05-09
https://cz.linkedin.com/in/jan-matějíček-a8a656221?trk=public_profile_browsemap,2026-05-08
https://www.zivefirmy.cz/reklama-informace_t1182?loc=10000027&cf=1307590&order=abc_desc,2026-05-04
https://koberaauto.cz/,2026-04-28
https://webtrh.cz/profil/matej-boska/,2026-04-27
https://stavdam.cz/o-nas,2026-04-26
https://stavdam.cz/reference,2026-04-26
https://stavdam.cz/sluzby/bazeny,2026-04-26
https://stavdam.cz/sluzby/rekonstrukce,2026-04-26
https://stavdam.cz/sluzby/stavebni-prace,2026-04-26
https://rejstrik-firem.kurzy.cz/zivnostnik/aWuVq5aWlKk=?pos=su,2026-04-23
https://svetrelaxutrebon.cz/,2026-04-20
https://www.zivefirmy.cz/?loc=60713856&order=default,2026-04-19
https://mariemiksovska.cz/,2026-04-16
https://www.ziveobce.cz/weby-matej-boska_f1925005?akce=print,2026-04-16
https://www.ziveobce.cz/jilove-u-prahy_l30539333/internetove-sluzby_t84,2026-04-14
https://stavdam.cz/,2026-04-10
https://servicee.cz/en/privacy,2026-04-02
https://servicee.cz/terms,2026-04-02
https://servicee.cz/,2026-04-01
https://www.zivefirmy.cz/reklama_t53?loc=20003210,2026-03-23
https://radek-vetrovsky.cz/odhad-nemovitosti,2026-03-19
https://lukas-kukla.cz/clanky/ceny-nemovitosti-praha-zapad-2026,2026-03-18
https://lukas-kukla.cz/clanky/jak-prodat-nemovitost-praha-zapad,2026-03-18
https://lukas-kukla.cz/sluzby,2026-03-18
https://rejstrik-firem.kurzy.cz/zivnostnik/aWuVq5aWlKk=,2026-03-17
https://www.zivefirmy.cz/reklama-informace_t1182/jilove-u-prahy_l30539333,2026-03-15
https://www.zivefirmy.cz/reklama-informace_t1182/jilove-u-prahy_l30539333?order=abc_desc,2026-03-15
https://radek-vetrovsky.cz/radek-vetrovsky-realitni-makler-pribram,2026-03-10
https://www.zivefirmy.cz/?loc=30539333&cf=1092243&order=abc_desc,2026-03-07
https://cz.pinterest.com/matejboskacz/,2026-03-04
https://radek-vetrovsky.cz/,2026-03-02
https://veteranskoda.cz/veteran/manet-s100,2026-02-08
https://veteranskoda.cz/veteran/jawa-05-pionyr,2026-02-03
https://veteranskoda.cz/veteran/velorex-435,2026-01-28
https://zubni-kamenice.cz/,2026-01-28
https://lukas-kukla.cz/,2026-01-16
https://veteranskoda.cz/veteran/jawa-perak-fj,2026-01-13
https://veteranskoda.cz/veteran/jawa-354-velorex,2026-01-10
https://veteranskoda.cz/veteran/skoda-110-ls,2026-01-10
https://veteranskoda.cz/veteran/skoda-1102-tudor,2026-01-10
https://veteranskoda.cz/veteran/skoda-octavia-985,2026-01-09
https://veteranskoda.cz/neni-ve-sbirce,2026-01-07
https://veteranskoda.cz/akce-a-jizdy/2005,2026-01-05
https://veteranskoda.cz/akce-a-jizdy/2006,2026-01-05
https://veteranskoda.cz/akce-a-jizdy/2010,2026-01-05
https://veteranskoda.cz/akce-a-jizdy/2012,2026-01-05
https://veteranskoda.cz/akce-a-jizdy/2016,2026-01-05
https://veteranskoda.cz/veteran/skoda-1000-mb,2026-01-04
https://veteranskoda.cz/doplnky,2026-01-03
https://www.veteranskoda.cz/veteran/cz-502,2026-01-03
https://www.veteranskoda.cz/veteran/jawa-559-panelka,2026-01-03
https://www.veteranskoda.cz/veteran/skoda-105-l,2026-01-03
https://www.veteranskoda.cz/veteran/skoda-110-r,2026-01-03
https://www.veteranskoda.cz/veteran/skoda-octavia-combi-993c,2026-01-03
https://www.veteranskoda.cz/veteran/stadion-s22,2026-01-03
https://www.veteranskoda.cz/veteran/audi-100-ls,2026-01-02
https://veteranskoda.cz/privesne-voziky,2025-12-24
https://www.sarecka.cz/,2025-12-24
https://www.veteranskoda.cz/,2025-12-19