Kategorie;Název;Cena (Kč);Délka (min) – DOPLNIT;Popis
"Manikúra";"Výhodný balíček manikúra + hand spa";"490";"";""
"Manikúra";"Výhodný balíček CND + hand spa";"700";"";""
"Manikúra";"Výhodný balíček Gellak + hand spa";"600";"";""
"Manikúra";"Manikúra classic";"350";"";""
"Manikúra";"Manikúra – CND Shellac";"650";"";""
"Manikúra";"Manikúra – Gellak";"550";"";""
"Modelace nehtů";"Výhodný balíček gel/akryl + hand spa";"700";"";""
"Modelace nehtů";"Výhodný balíček gel/akryl + hand spa – doplnění";"650";"";""
"Modelace nehtů";"Nové gelové / akrylové nehty s barvou";"650";"";""
"Modelace nehtů";"Doplnění gelových / akrylových nehtů s barvou";"590";"";""
"Modelace nehtů";"Gel X nehty";"650";"";""
"Pedikúra";"Výhodný balíček pedikúra classic + foot spa";"590";"";""
"Pedikúra";"Výhodný balíček Footlogix CND Shellac";"1050";"";""
"Pedikúra";"Výhodný balíček Footlogix s lakováním Gellak";"950";"";""
"Pedikúra";"Výhodný balíček s lakováním CND + foot spa";"850";"";""
"Pedikúra";"Výhodný balíček s lakováním gellak + foot spa";"790";"";""
"Pedikúra";"Medicínální pedikúra Footlogix CND Shellac";"850";"";""
"Pedikúra";"Medicínální pedikúra Footlogix Gellak";"750";"";""
"Pedikúra";"Medicínální pedikúra Footlogix Classic";"590";"";""
"Pedikúra";"Pedikúra Classic";"490";"";""
"Pedikúra";"Pedikúra – Gellak";"590";"";""
"Pedikúra";"Pedikúra – CND Shellac";"650";"";""
"Pedikúra";"Samotné lakování Shellac / Gellak – Shellac";"400";"";""
"Pedikúra";"Samotné lakování Shellac / Gellak – Gellak";"350";"";""
"Zdobení nehtů";"3 barvy";"50";"";""
"Zdobení nehtů";"5 barev";"100";"";""
"Zdobení nehtů";"Třpytky";"150";"";""
"Zdobení nehtů";"Matný efekt";"100";"";""
"Zdobení nehtů";"Cateyes / Metalický efekt";"150";"";""
"Zdobení nehtů";"Ombré / Francie";"150";"";""
"Zdobení nehtů";"Design / malování (od)";"20";"";"Cena od"
"Zdobení nehtů";"Kamínky (od)";"10";"";"Cena od"
"Zdobení nehtů";"Vitamin";"50";"";""
"Zdobení nehtů";"P-Shine";"150";"";""
"Ostatní nehtové služby";"Úprava jednoho nehtu";"70";"";""
"Ostatní nehtové služby";"Extra dlouhé nehty (od)";"50";"";"příplatek 50 / 150 / 200 Kč"
"Ostatní nehtové služby";"Odstranění umělých nehtů";"250";"";""
"Ostatní nehtové služby";"Odstranění shellac / gellak nehtů – Shellac";"200";"";""
"Ostatní nehtové služby";"Odstranění shellac / gellak nehtů – Gellak";"150";"";""
"Ostatní nehtové služby";"Změna barvy u umělých nehtů (pod 10 dní)";"350";"";""
"Řasy";"Klasické řasy 1:1 – Nový";"990";"";""
"Řasy";"Klasické řasy 1:1 – Doplnění";"790";"";""
"Řasy";"Volume řasy 2D–5D – Nový";"1190";"";""
"Řasy";"Volume řasy 2D–5D – Doplnění";"990";"";""
"Řasy";"Mega Volume řasy – Nový";"1390";"";""
"Řasy";"Mega Volume řasy – Doplnění";"1090";"";""
"Řasy";"Prodloužení řas – designový efekt (od)";"1190";"";"Cena od"
"Řasy";"Odstranění prodloužených řas";"200";"";""
"Obočí";"Úprava obočí";"100";"";""
"Obočí";"Barvení + úprava obočí";"200";"";""
"Kosmetika";"Péče o obličej a masáž";"750";"";""
"Head Spa";"Head Spa";"890";"";"Terapie bílým zvukem • Ošetření akupunkturních bodů na hlavě • Exfoliace pokožky hlavy • Asijská technika mytí vlasů & masáže hlavy • Foukání vlasů (bez stylingu) & aplikace vlasového regeneračního oleje"
"Barber cuts";"Studentský cut do 18 let (od)";"540";"";"Střih • Styling • Balzám/Kolínská"
"Barber cuts";"Klasický Cut";"640";"";"Mytí hlavy • Střih • Styling • Balzám/Kolínská"
"Barber cuts";"Premium Cut";"770";"";"Mytí hlavy • Střih • Masáž • Styling • Balzám/Kolínská"
"Barber cuts";"VIP Cut";"990";"";"Mytí hlavy • Střih • Vousy • Styling • Balzám/Kolínská"
"Barber cuts";"VIP All Inclusive";"1190";"";"Mytí hlavy • Střih • Vousy • Masáž • Styling • Balzám/Kolínská"
"Barber cuts";"Děti do 8 let";"400";"";""
"Vousy";"Úprava vousů";"420";"";"Timer/Strojek • Timer/Shaver/Žiletka • Balzám/Kolínská"
"Vousy";"Jenom Timer";"200";"";""
"Péče a doplňky";"Mytí hlavy (od)";"250";"";"Klasické • S masáží • Styling"
"Péče a doplňky";"Pánská kosmetika / Mytí obličeje VIP";"850";"";"Mytí obličeje / masáž obličeje • Vyčištění pleti • Kosmetika s hydratací (Pára a maska) • Krém s hydratací"
"Péče a doplňky";"Masáž hlavy";"150";"";""
"Péče a doplňky";"Mytí hlavy navíc";"100";"";""
